Feature,Importance
SMR_VSA7,33279.491126060486
ETA_dEpsilon_B,12939.707823753357
PEOE_VSA2,11821.494121551514
VSA_EState2,8070.331692695618
SlogP_VSA8,7677.4104261398315
AATSC6p,7165.542429924011
MATS3p,6994.660908699036
NdS,6105.649207115173
BCUTc-1l,5589.778928279877
GATS1c,5576.736680984497
SlogP_VSA6,5230.4830493927
PEOE_VSA11,4995.539830207825
AATSC6v,4903.091238975525
PEOE_VSA8,4788.644553184509
GATS3d,4771.163808822632
SdssC,4714.231958389282
MATS1c,4553.874948501587
AATSC5Z,4347.822591781616
GATS3s,4258.039248466492
SaaN,4255.122586250305
BCUTi-1h,3988.143290042877
Xc-6d,3936.6214561462402
JGI4,3903.137267112732
SlogP_VSA3,3611.2853469848633
MID_N,3566.6724433898926
BCUTc-1h,3491.30028629303
GATS1se,3453.670168876648
VSA_EState3,3436.943398475647
SdsCH,3378.349811553955
BCUTd-1l,3357.5999851226807
SsssN,3308.4482774734497
VE2_D,3291.8892908096313
JGI3,3283.6668648719788
AETA_beta_ns_d,3246.6886286735535
PEOE_VSA9,3239.8995451927185
BCUTi-1l,3190.8545112609863
GATS3c,3190.8247842788696
VSA_EState4,3183.9235706329346
SlogP_VSA1,3166.4763650894165
SlogP_VSA10,3157.6414980888367
SssNH,3062.951051712036
GATS6c,2979.119507789612
GATS5p,2953.316530227661
JGI6,2880.3839025497437
RPCG,2880.3794860839844
JGI7,2860.1410665512085
BCUTm-1l,2781.187539100647
GATS5c,2760.2905197143555
GATS4c,2740.2369623184204
RNCG,2735.620502471924
VSA_EState5,2722.6192264556885
SlogP_VSA5,2718.7471113204956
GATS4s,2711.5045337677
PEOE_VSA10,2710.2616424560547
VE1_D,2678.8507986068726
AATSC1c,2671.8750076293945
SMR_VSA3,2668.880172729492
GATS8c,2663.4160232543945
ATSC3s,2653.3739738464355
GATS6p,2648.3044481277466
PEOE_VSA6,2641.8316373825073
GATS5i,2596.9349870681763
GATS6i,2574.108498573303
EState_VSA3,2570.172582626343
MATS3s,2556.5544595718384
AMID_N,2556.306658744812
JGI5,2534.737370491028
SlogP_VSA2,2533.360710144043
nAromAtom,2504.797583580017
GATS7c,2503.6824264526367
nBase,2471.120987892151
GATS5d,2467.543501853943
BCUTp-1l,2464.312529563904
GATS5s,2457.232147216797
GATS3p,2434.670415878296
GATS4i,2418.0314989089966
AETA_eta_F,2414.488067626953
HybRatio,2410.8560676574707
BCUTare-1l,2403.1895570755005
GATS6d,2395.4266777038574
PEOE_VSA7,2388.5764589309692
GATS1p,2350.5353469848633
GATS2s,2349.1499099731445
JGI8,2345.2731380462646
GATS4d,2343.7170763015747
MDEC-22,2333.7589530944824
PEOE_VSA12,2323.3871097564697
GATS2i,2307.0109395980835
SaasC,2293.5729961395264
ATSC1c,2286.926182746887
GATS1s,2269.931983947754
GATS6v,2266.604519844055
EState_VSA4,2257.7143049240112
ETA_shape_y,2255.2696990966797
BCUTZ-1l,2228.7044887542725
MATS4c,2223.1250381469727
JGI10,2218.925845146179
GATS7p,2208.3779315948486
ATSC3dv,2205.352066040039
SdS,2202.5802993774414
C2SP2,2185.5303077697754
MATS1s,2183.900902748108
BCUTZ-1h,2176.6251668930054
PEOE_VSA1,2176.334629058838
GATS8i,2165.238621711731
Xch-5dv,2163.350835800171
GATS6s,2149.4681396484375
GATS6dv,2137.4275522232056
JGI9,2135.421109199524
GATS2c,2132.1006240844727
AATS5i,2127.5572395324707
EState_VSA2,2124.1781911849976
MDEC-33,2116.314215660095
MATS3c,2105.072971343994
GATS3dv,2099.3416442871094
GATS4dv,2097.4646406173706
GATS8d,2096.7628326416016
EState_VSA5,2091.034041404724
EState_VSA6,2084.8485889434814
GATS7s,2081.4742794036865
AATS7i,2073.643810272217
GATS8s,2072.8016033172607
GATS7i,2072.1991262435913
EState_VSA8,2069.1895656585693
VSA_EState7,2063.8771085739136
RotRatio,2050.2823963165283
AATSC3s,2015.8243627548218
ATSC8i,2005.7560272216797
n6aRing,2003.7661800384521
MATS8c,1986.7475023269653
AATSC4c,1984.1955542564392
ATSC6dv,1971.4660196304321
GATS6are,1966.7260780334473
MATS7c,1965.9503412246704
GATS2p,1963.1045217514038
AATS3p,1962.9110527038574
MATS6c,1962.387677192688
ATSC4i,1960.2320699691772
AATSC5c,1958.8105897903442
ATSC8c,1954.6735019683838
MATS4s,1951.3451719284058
GATS8p,1950.0757141113281
MATS6s,1949.2204389572144
IC2,1941.6575183868408
ATSC5c,1937.4520301818848
ATSC1se,1936.9661674499512
ATSC6v,1932.3354864120483
ATSC8d,1930.0721454620361
GATS3i,1928.2038431167603
PEOE_VSA3,1920.4165239334106
ATSC4c,1918.867917060852
AATSC5p,1908.5841283798218
AATSC0i,1905.5715703964233
AATSC1se,1902.5044212341309
GATS7d,1891.0162677764893
AATS4i,1879.5510807037354
ATSC6i,1870.2677164077759
MATS2c,1870.200210571289
GATS4p,1868.6018886566162
SdO,1855.437991142273
MATS4dv,1847.1918544769287
GATS8dv,1845.741042137146
ATSC5i,1840.9839324951172
ATSC1i,1835.967131614685
AATSC7i,1835.9271411895752
SLogP,1824.1007432937622
MATS1i,1823.0110168457031
GATS1d,1818.7253332138062
SssS,1814.2687788009644
EState_VSA9,1812.7586431503296
EState_VSA7,1811.7673034667969
GATS5dv,1811.1347694396973
GATS1dv,1811.1133632659912
AATS5p,1799.555082321167
AETA_beta_s,1788.3009300231934
GATS1i,1784.867374420166
VSA_EState6,1784.7659158706665
MATS5c,1783.0542554855347
MATS1d,1779.3125705718994
n5aHRing,1777.3499965667725
BCUTse-1l,1773.4598922729492
SsssCH,1770.734616279602
ETA_beta_ns,1768.2480897903442
AATSC6i,1763.8259725570679
MATS3i,1755.5679187774658
ATSC8dv,1754.386076927185
AATSC2c,1754.166615486145
AATSC7c,1746.3741903305054
TopoPSA,1743.4588298797607
GATS8Z,1742.934453010559
ETA_dEpsilon_D,1734.2959098815918
ATSC7s,1731.357322692871
VR2_A,1726.3941383361816
BCUTd-1h,1724.4088039398193
GATS5Z,1724.0534925460815
AATSC6c,1723.4421319961548
ATSC4dv,1718.4366884231567
GATS7dv,1718.1784105300903
ATSC3p,1717.9177408218384
GATS3se,1714.540662765503
GATS7v,1712.0916547775269
ATSC6d,1712.0239124298096
AATSC4i,1710.8294916152954
SMR_VSA6,1708.6606578826904
n6aHRing,1706.1429071426392
ATSC7p,1703.0058183670044
AATSC4s,1701.7784514427185
ATSC6c,1701.4912309646606
GATS1are,1701.0412940979004
AATS1i,1700.7986106872559
AATSC3dv,1696.895399093628
GATS4Z,1686.4335765838623
AATSC3c,1686.3762044906616
AATS3i,1674.8025598526
ZMIC1,1674.589867591858
MATS2s,1672.2282581329346
AATSC4dv,1670.108491897583
ATSC8p,1667.1411809921265
ATSC5dv,1665.5453262329102
GATS3Z,1662.9173831939697
AATSC5v,1661.8861827850342
GATS4se,1659.7843933105469
ATSC3c,1659.7617740631104
AATS6p,1655.1187019348145
TopoPSA(NO),1653.8445711135864
ATSC7c,1649.000828742981
AATSC8c,1645.6960725784302
BIC3,1636.28773021698
MATS5i,1633.8277606964111
GATS5se,1632.1901245117188
ATSC7d,1632.1344470977783
ATSC5v,1630.4353017807007
GATS3v,1629.3699560165405
AATSC1dv,1627.1032752990723
BCUTs-1l,1623.3748474121094
AATSC5i,1617.890468597412
SaaaC,1609.695068359375
ATSC7i,1606.2340383529663
AMID_O,1603.232684135437
GATS4are,1602.244833946228
AATSC1d,1602.0470838546753
SpMAD_Dzp,1601.4265727996826
PEOE_VSA13,1595.6089277267456
SaasN,1594.6066398620605
AATSC7p,1594.1016683578491
Xch-6dv,1593.594160079956
JGI2,1590.1585311889648
GATS4v,1585.4389390945435
ATSC3i,1582.4455118179321
MATS1se,1579.3415250778198
AATSC3d,1573.1454248428345
GATS4m,1571.811505317688
Xch-7dv,1567.2648620605469
SlogP_VSA4,1566.4569311141968
GATS6Z,1566.066081047058
BIC5,1560.6733722686768
MATS7i,1558.718638420105
ATSC6s,1558.146746635437
MATS5s,1554.9222574234009
GATS2dv,1552.7421035766602
AATS6i,1552.4023189544678
AATSC8i,1546.5350494384766
PEOE_VSA4,1540.8031606674194
GATS1v,1534.8516788482666
AATSC5dv,1534.4238729476929
ATSC7dv,1532.9100179672241
AETA_eta,1532.454384803772
ETA_shape_p,1531.3791971206665
GATS5m,1527.2906465530396
ATSC3Z,1523.2761936187744
ATSC3d,1520.419521331787
MATS7se,1519.3149318695068
GATS7Z,1518.314697265625
BalabanJ,1514.3991250991821
AXp-1d,1513.9499282836914
ATSC2dv,1510.7400999069214
ATSC6p,1502.5741996765137
AATSC2i,1497.206669807434
AETA_eta_BR,1492.5460567474365
AATSC0c,1489.6709117889404
AATSC4p,1489.4210443496704
AATSC8d,1485.7908897399902
AATSC5s,1477.9490604400635
BIC2,1476.6199312210083
MATS8i,1476.1361360549927
ATSC2i,1472.3756256103516
ATSC0c,1468.6508293151855
ATSC1dv,1468.18346118927
AATSC3i,1465.9627876281738
AATSC8se,1465.6873235702515
AXp-0dv,1465.1623964309692
GATS2d,1462.9061880111694
IC3,1461.221565246582
MATS4d,1456.5851802825928
ATSC7se,1450.3624534606934
GATS4pe,1448.9142780303955
AATS7p,1446.4654150009155
AATS8dv,1445.848671913147
AATS2i,1445.0918684005737
ATSC6se,1443.0143432617188
ATSC5se,1441.0529470443726
ATSC7v,1440.4978065490723
MATS6i,1438.135440826416
MATS3se,1433.7606887817383
AATSC6Z,1426.5373630523682
MID_h,1424.7393999099731
ATSC2d,1422.8721179962158
GATS8v,1422.185872077942
AETA_dBeta,1416.0237817764282
GATS5v,1414.5736532211304
GATS6se,1410.444995880127
ZMIC2,1409.1597290039062
ATSC5d,1406.3074960708618
AATS8i,1405.8019247055054
MATS7d,1403.8991289138794
Xc-5d,1402.0424823760986
AETA_beta_ns,1400.344796180725
ATSC1s,1400.2960395812988
BCUTdv-1l,1400.0065536499023
AATSC8s,1396.0138854980469
AATSC0p,1394.7694272994995
SaaS,1393.3995628356934
AATSC1i,1392.1244621276855
AATSC2p,1391.3107166290283
MATS5se,1387.6932258605957
ATSC8s,1387.197603225708
AATSC8v,1384.9819383621216
IC1,1382.1635761260986
AMID_h,1379.313443183899
AATSC1p,1379.2733640670776
SMR_VSA5,1376.9755172729492
MATS4i,1376.9461679458618
ATSC4d,1376.604853630066
VSA_EState8,1376.023889541626
AATSC5d,1371.8020524978638
AATSC7d,1368.2078304290771
NaasC,1367.790183544159
AATS4p,1366.530369758606
ATSC2c,1365.488338470459
GATS2se,1364.352484703064
AATSC3se,1359.6311445236206
AXp-7d,1359.0008487701416
GATS5pe,1344.1433553695679
MATS7dv,1343.7566576004028
GATS5are,1340.1420812606812
MATS4p,1339.5307931900024
ATSC8v,1338.9976797103882
AATSC6dv,1338.6729640960693
ATSC4Z,1336.0961618423462
MATS1are,1336.0704956054688
GATS3are,1334.9419298171997
AATSC7s,1334.077163696289
BCUTdv-1h,1328.8608980178833
MDEC-23,1327.033260345459
ATSC5s,1320.095687866211
Xc-5dv,1319.63876247406
GATS2v,1319.2684497833252
GATS7m,1318.175386428833
C1SP2,1315.2603931427002
AATSC2d,1310.73415184021
MATS2d,1308.4898161888123
MATS4are,1307.5434589385986
AATS8s,1306.2859649658203
MATS1dv,1300.7386178970337
MATS6d,1300.5524730682373
MATS7s,1299.0822010040283
AATSC3are,1298.6618385314941
AATSC0v,1297.824131011963
ATSC3v,1297.790057182312
MATS8s,1292.3645277023315
AATSC6se,1291.433759689331
Xch-5d,1286.096022605896
ATSC5p,1283.7322082519531
AATS5v,1282.748119354248
MATS5v,1282.4970083236694
BCUTpe-1l,1279.1837005615234
VE1_A,1276.676157951355
ATSC1p,1274.6054725646973
GATS1pe,1274.3568019866943
AXp-7dv,1272.7590675354004
AATSC3p,1271.9786214828491
AATS7v,1270.148998260498
GATS8are,1265.2349920272827
MATS4se,1263.7918682098389
MATS8d,1260.732042312622
SddsN,1260.7293968200684
FCSP3,1260.0438137054443
MID_O,1259.1507053375244
MATS5p,1255.2963409423828
SM1_Dzi,1252.4816246032715
MATS5d,1249.1393022537231
MATS2se,1248.2400369644165
MATS5dv,1248.0665788650513
AATSC8dv,1247.3389110565186
AATS3d,1246.9747886657715
MATS5Z,1239.1374864578247
AATSC3Z,1238.347219467163
MATS4Z,1237.7909965515137
SpMAD_A,1234.7850551605225
ATSC4p,1232.5257835388184
Kier3,1230.4801836013794
MATS6se,1228.2506589889526
MATS3dv,1221.3887701034546
ATSC6Z,1219.1422805786133
AATSC4d,1219.1119422912598
FilterItLogS,1216.089877128601
MATS6dv,1215.4654083251953
ATSC3se,1214.3304510116577
BIC1,1213.417043685913
ATSC4v,1212.4778099060059
VSA_EState9,1207.7196884155273
SpDiam_A,1207.5194902420044
GATS8se,1207.1042442321777
AATSC4v,1206.1096992492676
SpMax_A,1202.996337890625
AATS3s,1199.1122846603394
AATSC5se,1198.7877883911133
AXp-2dv,1195.4297971725464
MATS2Z,1194.6029224395752
ATSC4s,1194.486626625061
AATS7d,1192.8357582092285
AATSC7Z,1192.2590599060059
MATS7p,1189.6978206634521
AATSC3v,1189.075162410736
AATSC6d,1188.0786714553833
MATS2i,1187.6753454208374
SRW09,1186.9664268493652
AATSC2Z,1186.0052938461304
MATS2dv,1182.6726865768433
GATS7se,1181.062252998352
BIC4,1181.0205097198486
GATS7are,1179.9111576080322
MATS6Z,1179.699592590332
AATSC2dv,1176.6312112808228
ATSC1d,1173.9144382476807
GGI3,1172.9484090805054
AATS7Z,1170.7150077819824
CIC2,1169.4154205322266
GATS2Z,1168.3068943023682
AATSC8p,1166.080759048462
MATS1p,1166.0374660491943
BCUTv-1l,1165.0862445831299
AXp-5dv,1164.0838012695312
ETA_epsilon_5,1163.963768005371
AATS6s,1161.729471206665
ATSC7Z,1161.4556188583374
AATSC6s,1160.7515773773193
ATSC8Z,1159.4098958969116
AATS5s,1159.3635702133179
MATS3are,1157.6521320343018
ATSC7are,1157.6262378692627
AXp-6dv,1156.7867574691772
ATSC8se,1156.6039028167725
AATSC4se,1156.1626710891724
fMF,1154.3025016784668
MATS3d,1149.2180976867676
MATS8Z,1148.8866205215454
VSA_EState1,1145.3433465957642
ATSC3are,1145.2945537567139
MATS6v,1145.0826110839844
AXp-2d,1135.8849182128906
GATS7pe,1131.2251119613647
MATS8dv,1130.680890083313
MIC1,1128.7814950942993
AATSC2s,1126.5708208084106
MATS3v,1124.881404876709
GATS3pe,1124.642240524292
AATSC0d,1124.2241144180298
AATS5d,1120.5116844177246
MATS6are,1119.6282076835632
ATSC0Z,1116.4209852218628
MATS6p,1113.4390516281128
SaaCH,1112.7695417404175
BCUTv-1h,1112.4304733276367
IC4,1109.7535820007324
AATS8d,1107.625820159912
SsOH,1105.4375438690186
AATS1p,1103.2908124923706
AXp-1dv,1101.5425329208374
MATS4pe,1101.2583017349243
MATS8p,1097.9143209457397
AATS6v,1096.3394289016724
MATS2p,1095.3569564819336
AXp-6d,1090.8698091506958
SMR_VSA9,1090.4895963668823
Xch-6d,1086.0234775543213
AATSC7dv,1085.9669885635376
MATS1pe,1083.0002489089966
MATS3pe,1082.6009016036987
AXp-0d,1082.5278177261353
GGI4,1082.0575037002563
AMID_C,1081.9715595245361
GATS8m,1080.1705303192139
ZMIC4,1080.0936555862427
AATS4s,1077.432131767273
ATSC8pe,1076.04594039917
MATS7Z,1070.8410034179688
ATSC4m,1070.2589902877808
ATSC5m,1068.9923858642578
AATSC7se,1068.35160446167
ATSC1pe,1065.8246517181396
PetitjeanIndex,1063.5139818191528
ATSC2v,1063.2377710342407
SIC3,1062.0856266021729
AATS1s,1060.8242721557617
AATSC1s,1058.3615913391113
ATSC6m,1057.7085514068604
ATSC7pe,1057.4774084091187
TSRW10,1049.6759595870972
ATSC5Z,1049.2933206558228
AATSC7v,1047.600131034851
ZMIC3,1045.7270164489746
AXp-3d,1038.421374320984
AATSC1pe,1036.8921003341675
AATS7s,1036.5578022003174
Xch-7d,1034.1227169036865
AETA_eta_B,1033.643482208252
AATS8p,1032.3393068313599
AATSC2v,1031.1332702636719
AMID_X,1026.347951889038
AATSC5pe,1021.8496627807617
GATS1Z,1020.5312566757202
ATSC2p,1018.7510786056519
GATS3m,1017.7556591033936
JGT10,1015.2166662216187
AXp-5d,1015.2071580886841
ATSC0i,1014.5512380599976
ATSC5pe,1014.3092889785767
AETA_eta_L,1014.1817016601562
AATS3v,1013.9336767196655
ATSC4are,1011.4280605316162
ATSC8m,1007.5953912734985
GATS2m,1004.520167350769
MATS5pe,1004.2190389633179
piPC7,1004.1294012069702
AATSC1are,1002.5491008758545
CIC3,999.3638687133789
SssO,991.1705884933472
MATS7are,989.7080869674683
AATSC0s,988.5551633834839
CIC1,987.8571691513062
MATS8se,987.3126420974731
AATS3dv,987.1068649291992
GATS8pe,986.9497423171997
AATS8m,984.8423309326172
ATSC3m,984.5416603088379
AATSC7pe,984.0950908660889
ATS0s,983.9427833557129
BCUTp-1h,983.6800899505615
BCUTs-1h,980.2126350402832
mZagreb1,979.1013021469116
AATS4v,977.8719491958618
AATSC5are,974.3285989761353
AATS6dv,970.7424564361572
AATSC1v,970.7190418243408
ATSC3pe,968.8490362167358
ZMIC5,967.9483003616333
AATS8Z,966.8852767944336
AATS6d,966.3834896087646
AETA_beta,966.2442817687988
AATS8se,965.5501089096069
AATS0d,965.213038444519
GATS6pe,965.0672597885132
AATS7dv,964.7971000671387
MATS3m,960.4267559051514
AATS2p,959.4254007339478
ATSC2Z,958.2530565261841
ATSC6are,956.8238277435303
GATS6m,954.3487415313721
AATS4d,951.2389936447144
AETA_eta_FL,948.9298286437988
IC0,948.7513799667358
AATSC4are,947.5741519927979
SdsN,945.3404774665833
AATSC3pe,942.7734804153442
AATS8are,941.441367149353
AATS7se,940.429988861084
PEOE_VSA5,939.2489738464355
MATS4v,938.2310924530029
ATSC2se,935.3095922470093
ATSC4se,934.7963404655457
ATSC7m,932.0942811965942
SssCH2,931.9613914489746
AATSC1Z,928.7242527008057
BCUTm-1h,928.5012054443359
JGI1,927.7674474716187
GGI6,924.7046880722046
SaaO,919.6734762191772
AMID,916.2107191085815
SMR_VSA4,916.1272411346436
AATSC8m,915.7605228424072
ATS5s,915.7559680938721
AXp-4dv,914.2134218215942
AATSC6m,912.9036531448364
MATS6pe,912.4062747955322
AATSC4Z,911.4447708129883
SsCH3,911.2126989364624
ATSC2m,911.2044906616211
GATS2are,910.4462995529175
MATS7pe,908.9000186920166
MATS1v,907.3233022689819
AATS5Z,905.4082832336426
AATS1d,903.5254564285278
MATS8pe,902.1498670578003
AATS5dv,900.4685354232788
AATSC0dv,900.1071681976318
AETA_alpha,894.6089105606079
AATS5pe,893.5100193023682
GATS2pe,893.005223274231
AATSC2se,888.2401237487793
IC5,888.1246194839478
AATSC2m,887.5807600021362
Mp,885.7589197158813
ATSC4pe,885.6484899520874
AATS3Z,884.9506931304932
AXp-4d,884.6926441192627
MATS2m,884.5686302185059
MATS2pe,882.5176668167114
EState_VSA10,878.1980504989624
AATS6are,873.582612991333
AATSC4pe,869.5564680099487
ATSC1v,866.2707118988037
SMR_VSA1,865.7370014190674
MATS2are,865.4479551315308
SIC1,865.3998155593872
ATSC2s,863.6858940124512
AATSC3m,862.005880355835
ECIndex,861.3581628799438
ATSC2pe,854.0518369674683
MATS5are,853.8833694458008
MATS8v,853.7010688781738
AATSC6are,853.4538812637329
MATS1Z,843.535961151123
ATSC8are,843.2005186080933
MATS3Z,841.9795479774475
AATSC7m,840.6661434173584
ATSC5are,839.3160943984985
AETA_eta_RL,837.8989210128784
ATSC0p,836.4183397293091
piPC10,832.4790935516357
SIC2,829.751630783081
AATSC8Z,828.0072708129883
nHBAcc,825.3867101669312
ATSC1are,820.7019672393799
AATS0p,819.0621175765991
AATS0i,818.6662302017212
MIC2,813.7046022415161
ETA_dPsi_A,812.4986381530762
AATSC7are,812.3116235733032
AATS5m,809.7081499099731
MATS7v,809.6792974472046
Xpc-5dv,807.3686408996582
SIC5,806.9425086975098
Mi,805.2112674713135
AATS8v,802.6704502105713
AATSC0Z,800.858808517456
AATS7m,800.1888246536255
Xp-6dv,799.4648456573486
ETA_eta_B,799.1213130950928
piPC5,794.2096376419067
AATS5se,793.5755386352539
nG12FHRing,793.2952795028687
SsNH2,793.2260246276855
ATSC1Z,792.0752801895142
GGI5,789.847903251648
AATS3m,786.9090023040771
MATS4m,785.6930027008057
Kier2,782.7848596572876
AATSC8are,780.8469305038452
Xp-5dv,779.0626306533813
AATS4dv,778.4336233139038
AATS6m,777.5178918838501
AATS1are,776.5663805007935
SIC4,775.9204711914062
VR1_A,775.0104370117188
AATSC0m,774.9487209320068
AATSC4m,771.6081113815308
Xc-3dv,767.8708381652832
SpAbs_Dzse,767.7502918243408
AATS2d,764.6448879241943
ETA_dBeta,763.5673847198486
ATSC6pe,761.8039751052856
AATS1se,759.4506378173828
NaaN,754.2790451049805
AATS4se,751.0870246887207
AATS0s,747.1823282241821
AATS8pe,746.5065822601318
CIC5,744.5005559921265
ATSC2are,742.2245998382568
CIC0,740.8448810577393
AATS2are,738.0031223297119
AATS1v,736.6125411987305
AATS4Z,732.1506128311157
AATSC5m,731.6157565116882
piPC6,729.4538974761963
ETA_epsilon_4,724.7255487442017
ETA_eta_FL,722.1811323165894
ATS6s,719.4200687408447
AXp-3dv,718.2600479125977
AATS6se,717.1403856277466
BIC0,708.9481143951416
piPC8,707.6689434051514
ATS6dv,704.2242050170898
MATS2v,702.3891496658325
SpMAD_Dzv,701.8619546890259
ATSC0are,698.9795789718628
NddsN,698.7595062255859
AATSC8pe,697.7526617050171
SM1_DzZ,690.6287107467651
Mv,689.6577672958374
SpMAD_DzZ,686.2305498123169
ETA_dEpsilon_C,685.7465982437134
SaaNH,677.0555000305176
Xpc-4dv,676.3930788040161
GGI8,675.4911479949951
nBondsKD,675.4024991989136
bpol,671.3860387802124
AATS7are,671.3197689056396
Xp-7dv,668.3925971984863
piPC9,667.028998374939
MATS6m,664.3146347999573
AATSC6pe,661.7649488449097
n5HRing,659.8693246841431
AATS6Z,659.3811616897583
GGI7,658.3569927215576
SpMAD_Dzi,657.0977115631104
Xpc-4d,656.5663595199585
MATS8are,654.3476667404175
MATS7m,654.201376914978
AATS3se,653.0550937652588
AATS5are,653.0226898193359
MATS1m,652.6478805541992
ATS0Z,652.4805974960327
ATS1s,646.081711769104
Xpc-5d,639.4485206604004
piPC4,638.8406972885132
AATS0Z,636.61461353302
AATS6pe,636.4315328598022
AATSC0are,635.5316896438599
TIC1,634.0913105010986
MATS5m,631.806492805481
ETA_shape_x,630.5165910720825
MIC0,629.807469367981
Xp-4dv,628.8905515670776
ATSC0se,628.173017501831
MID_X,627.1748085021973
ATS4s,626.9198932647705
VR3_A,625.7730321884155
ATSC0pe,625.5851802825928
AATS2s,625.1300048828125
AATSC0se,624.9627742767334
ATS0m,621.854100227356
Xpc-6d,619.2027034759521
MATS8m,618.1368999481201
AATS4m,617.2846412658691
EState_VSA1,615.1710033416748
ATS7i,604.6631031036377
SM1_Dzv,603.2041311264038
AATSC2pe,600.2090635299683
ETA_epsilon_2,595.3162422180176
ATS7dv,591.6413230895996
ATS0dv,590.7121124267578
ATSC0s,590.6310787200928
GGI10,588.907880783081
AATS2Z,582.1282997131348
AATS1dv,580.8717813491821
n6Ring,580.3038644790649
SssssC,575.4075384140015
AATS3are,572.7896003723145
Xp-3dv,571.9411277770996
ETA_dEpsilon_A,570.4398717880249
Xc-3d,569.8260955810547
AATS7pe,566.7383728027344
Xc-6dv,563.9223928451538
ATS3s,563.8502607345581
ATS3dv,561.0072975158691
AATSC1m,558.854700088501
AATS2v,555.1797380447388
AATS0are,554.9821147918701
GATS1m,553.9157371520996
SIC0,553.1034984588623
BCUTare-1h,549.8272657394409
AATSC2are,549.2214975357056
ETA_eta_BR,549.21164894104
AATS4are,547.7203016281128
ATS4dv,545.4385986328125
AATS0dv,544.5220003128052
ATS3i,535.8782081604004
ATSC1m,534.8222923278809
MPC8,534.5588417053223
Xpc-6dv,529.9169521331787
CIC4,528.6316595077515
ATS1dv,526.1325769424438
n6HRing,520.717004776001
GGI9,519.2405014038086
MIC5,517.3902397155762
MIC3,514.9890489578247
ATS4Z,514.176778793335
ETA_beta,512.8923816680908
AATS0v,510.99862003326416
SsCl,510.0465602874756
ATS1p,509.4523448944092
ATS3Z,509.2257556915283
ATS4i,509.11610221862793
ATSC0dv,507.22880268096924
ATS5dv,506.6822290420532
SpDiam_Dzp,506.3550100326538
TIC2,505.9170141220093
NdssC,505.50279903411865
ATS8s,503.51554775238037
ETA_eta_F,499.4748830795288
SpMAD_D,498.7005910873413
ATS6i,495.13515186309814
SM1_Dzm,493.48889541625977
ATS2s,491.7722978591919
AATS1Z,490.6711483001709
MIC4,489.03828048706055
ATS7m,486.5858039855957
Xp-7d,482.201940536499
ETA_alpha,480.45294284820557
ATS7s,472.66716957092285
ATS6Z,470.2758731842041
Xc-4d,470.0146703720093
AATSC0pe,462.23212909698486
GGI2,461.9090995788574
AATS2se,459.25471687316895
AATS4pe,458.1537494659424
AATS2dv,458.06943702697754
ATSC0m,457.9768886566162
SM1_Dzare,456.75349140167236
piPC2,452.54358959198
Xp-2dv,451.72423934936523
nBondsS,451.60382080078125
AATS2m,445.90539932250977
nG12FaHRing,445.1642379760742
C1SP3,442.7956027984619
ATS7p,441.7367935180664
BCUTpe-1h,436.9395008087158
ATS5m,431.7071924209595
StsC,420.6731538772583
AATS1m,419.5284004211426
ATSC0v,419.16179847717285
SsBr,417.0289697647095
AATS0m,414.34404850006104
ATS2p,413.0498962402344
ATS2dv,409.22078037261963
ATS6m,407.37304306030273
ATS3m,404.92150115966797
piPC3,404.58148288726807
ATS0p,404.00597953796387
ATS7Z,403.46257305145264
AATS3pe,403.21760082244873
VE2_Dzv,402.14570236206055
ATS8dv,398.09950065612793
ATS5Z,397.22257804870605
VE3_A,397.1279001235962
ATS1Z,396.4868688583374
nAromBond,396.2981023788452
ETA_beta_ns_d,394.88941860198975
TIC0,393.9999694824219
TpiPC10,392.6349506378174
SM1_Dzp,391.8077907562256
VE2_Dzpe,387.8132019042969
ATS5i,387.53941822052
NdsN,386.4070167541504
ETA_epsilon_3,386.1013984680176
ETA_eta_L,384.3960599899292
Xp-5d,382.93339824676514
LogEE_D,376.6114082336426
MPC9,375.97460174560547
nRot,372.007287979126
SsI,369.20758056640625
ATSC0d,367.52155017852783
SpMAD_Dzare,365.82200050354004
ATS6are,348.4108600616455
ATS5p,345.7670030593872
MID_C,343.22367095947266
ATS8se,342.8773012161255
ATS2m,342.4493999481201
MZ,341.85386085510254
SMR,340.40838718414307
AATS2pe,331.6714382171631
ATS6d,331.16954708099365
VE2_Dzse,329.8261032104492
ATS4m,328.5701971054077
SpMAD_Dzse,327.8936777114868
Xp-4d,326.3700408935547
VE2_A,325.4292106628418
SM1_Dzpe,322.3054485321045
AMW,321.1142997741699
nBondsD,320.12020206451416
SRW07,317.34950065612793
Xp-0dv,315.8231029510498
SpDiam_D,314.7224988937378
ATS8m,314.4387035369873
ATS1m,314.1035680770874
AATS1pe,311.17539978027344
BCUTse-1h,310.60419750213623
C3SP2,310.1518306732178
ATS3d,308.9718008041382
ATS6se,308.49653816223145
ATS8d,305.32204151153564
StN,304.5259885787964
BertzCT,303.2594995498657
MPC7,301.51218700408936
SlogP_VSA11,298.5108308792114
ATS8i,294.5408887863159
NssS,293.7049026489258
piPC1,293.5331001281738
AETA_eta_R,292.33993911743164
ATS2d,283.52239894866943
ATS3p,283.0274085998535
Kier1,280.3762683868408
ETA_epsilon_1,278.6269006729126
LogEE_Dzp,278.42279720306396
ATS4d,276.731951713562
ETA_psi_1,275.7504415512085
nG12FAHRing,272.4373016357422
fragCpx,271.46010303497314
ZMIC0,270.5747814178467
AATS0se,269.94751930236816
nFAHRing,269.3554000854492
Vabc,266.13957023620605
MPC4,264.6449317932129
ATS2Z,263.7290496826172
ATS8p,262.86480140686035
mZagreb2,262.7281017303467
WPath,262.270001411438
C2SP3,260.7863998413086
NssCH2,260.2829999923706
ATS2i,260.0484981536865
SRW10,259.73755073547363
ATS5are,259.1458988189697
VE2_Dzi,258.58240127563477
ATS1v,257.4390001296997
ATS8Z,257.39789867401123
ATS7d,256.20009899139404
Mpe,255.87155151367188
AATS0pe,255.18120002746582
SddssS,253.00166130065918
ETA_dAlpha_B,252.5187282562256
Xc-4dv,250.6912202835083
Xp-6d,250.32590198516846
ATS4are,249.77466869354248
ETA_eta,248.9496030807495
SRW06,247.59602069854736
MPC10,245.78258800506592
SpDiam_Dzv,245.54440784454346
MWC10,244.28861808776855
n9FaHRing,244.08970069885254
ATS4v,244.00728034973145
MPC6,242.9493989944458
nH,242.61047172546387
MWC04,241.2745018005371
n10FaHRing,236.1389398574829
ATS3are,230.3615026473999
MW,230.20164966583252
NsssCH,228.8504695892334
ATS0i,225.70365142822266
ETA_dAlpha_A,225.04664421081543
Xp-3d,224.71440982818604
ATS7are,222.64739894866943
Diameter,222.13389778137207
ATS8are,221.74159908294678
GGI1,221.30005931854248
ETA_beta_s,220.18628978729248
LogEE_Dzse,219.4047031402588
ATS1d,219.05370330810547
VE3_D,216.9573974609375
ATS6p,216.95253086090088
TMPC10,216.47969913482666
SM1_Dzse,213.4926996231079
ATS5d,213.238299369812
ATS0d,212.09089851379395
NaaaC,210.6702995300293
ATS6v,208.23459720611572
SpAbs_Dzpe,206.44340133666992
SsF,206.20029067993164
ATS3se,205.53944873809814
SdssS,205.03744888305664
ETA_dPsi_B,201.50636196136475
naHRing,198.0711488723755
Xp-1dv,197.13334941864014
ATS2v,197.07444858551025
ATS5v,196.45418167114258
SpDiam_Dzi,196.42240142822266
ETA_eta_R,194.02180004119873
VR2_Dzp,191.5478401184082
n5AHRing,191.3109006881714
SlogP_VSA7,188.9620008468628
nS,187.2005796432495
ATS4p,184.88211727142334
nHRing,182.4984188079834
nBondsM,181.99830055236816
C3SP3,181.0610990524292
ATS0are,178.7742805480957
MWC09,178.31783199310303
nAHRing,178.17457103729248
Xch-4dv,177.30553913116455
SssssB,176.0706024169922
ABCGG,174.56874084472656
ATS3v,173.97313117980957
SZ,173.32711029052734
ATS0se,172.88242053985596
MWC07,172.33970165252686
LogEE_Dzi,172.2278003692627
ATS0v,170.52383041381836
ATS7se,167.43783855438232
ATS8v,164.45450115203857
ATS1are,164.38730144500732
SpAbs_Dzp,164.21880054473877
SpDiam_DzZ,161.964599609375
NaaCH,161.47869968414307
NaaNH,157.53569889068604
nARing,151.5896406173706
WPol,149.1984405517578
n5ARing,146.48689937591553
ATS1se,145.32379913330078
VE2_DzZ,144.50740242004395
ATS4pe,143.78326988220215
n8FHRing,143.00450038909912
MWC03,142.7037992477417
NdsCH,142.61530113220215
Mare,141.73862838745117
ATS2are,141.62370109558105
MPC5,140.37911987304688
Xp-2d,137.56869983673096
NaaS,136.53539848327637
nHBDon,135.94218921661377
TIC4,135.82399940490723
LogEE_Dzv,135.81899738311768
n6AHRing,135.70266914367676
VE2_Dzare,133.20541954040527
Sp,133.0417995452881
LogEE_DzZ,131.2814016342163
TIC3,130.43370151519775
nFHRing,128.942289352417
ATS4se,128.8957977294922
MWC06,127.86729907989502
ATS2se,127.18639945983887
SpMAD_Dzm,127.1451005935669
NsCH3,126.45576858520508
ATS7v,126.35776805877686
Sm,126.29799938201904
LogEE_Dzare,125.60440063476562
SpMAD_Dzpe,124.57150077819824
Mse,124.24619960784912
MPC3,123.50869750976562
Xch-4d,122.41660022735596
n9FARing,122.07347011566162
SRW08,117.63059997558594
Sv,116.65689945220947
SdCH2,115.7807092666626
NsOH,113.6983995437622
VMcGowan,113.51768970489502
ATS6pe,112.72720146179199
ATS1pe,111.7327995300293
ATS5se,111.40829849243164
n6ARing,109.49486064910889
SpAD_A,108.74459934234619
ATS8pe,105.88469982147217
NssO,105.42642116546631
TIC5,105.38022136688232
NdO,104.92290115356445
SMR_VSA2,104.8818998336792
n5Ring,102.48850059509277
ATS0pe,101.78229999542236
NssNH,101.20529842376709
TMWC10,101.1855001449585
C4SP3,100.7608003616333
nBondsKS,100.46310043334961
ATS7pe,99.19459915161133
MWC08,98.82256031036377
n9FHRing,97.26023960113525
MWC05,94.41939926147461
SdNH,94.13484001159668
nG12Ring,93.77099895477295
nB,93.43739795684814
SRW05,93.0364990234375
LabuteASA,92.84569931030273
SpDiam_Dzpe,92.19320011138916
nFaHRing,92.12060070037842
Xch-3d,91.59967041015625
NaasN,90.80670166015625
VE2_Dzp,89.39540004730225
ATS5pe,87.1709976196289
SpDiam_Dzare,82.88210010528564
SpAD_Dzp,82.75719928741455
ATS2pe,80.71943950653076
nG12FARing,79.28430080413818
ATS3pe,78.53550148010254
SpAD_DzZ,78.29610061645508
nG12FaRing,77.85980033874512
nFaRing,77.80921936035156
nAcid,76.03929901123047
MWC02,75.63010025024414
SpAbs_Dzv,74.3598985671997
NssssB,72.95810127258301
n4AHRing,72.01460075378418
VR2_DzZ,71.81089973449707
nAtom,69.33682918548584
VE1_Dzv,69.15640068054199
VR2_Dzi,68.03140068054199
ETA_eta_RL,67.69709968566895
SpDiam_Dzse,66.2465009689331
MID,66.21230030059814
n10FARing,64.23849964141846
Si,64.02579879760742
VE1_Dzi,63.15369987487793
n12FHRing,62.993600845336914
n10FRing,62.06029987335205
nG12FRing,61.7659215927124
n9FRing,61.549299240112305
nG12AHRing,60.65551948547363
nFARing,60.18380069732666
nG12ARing,59.55579853057861
VR1_Dzp,57.89940071105957
n9FAHRing,56.907090187072754
NsssB,56.57639980316162
MPC2,56.4689998626709
VR2_Dzse,55.39350128173828
NtsC,55.01704025268555
nSpiro,54.83069896697998
Xp-0d,54.608099937438965
ATS1i,54.55150032043457
Mm,54.47119903564453
VR1_Dzi,53.44250011444092
MWC01,52.10114002227783
nFRing,51.52946949005127
VR2_D,50.38659954071045
nC,46.602890968322754
VR3_DzZ,45.93209934234619
Sare,45.79280090332031
VR1_DzZ,45.64850044250488
VR2_Dzare,43.51580047607422
nHetero,43.4276008605957
n8FAHRing,42.22659969329834
VE3_DzZ,41.86470031738281
C1SP1,41.49315929412842
NaaO,41.468899726867676
ABC,41.45199966430664
NsCl,40.32830047607422
n7ARing,39.92569923400879
SpDiam_Dzm,39.07499980926514
n4ARing,39.068421363830566
LogEE_Dzpe,38.44900035858154
nBonds,38.23810005187988
StCH,37.347999572753906
VR2_Dzv,36.389400482177734
SRW04,36.33969974517822
LogEE_Dzm,36.2475004196167
VE1_DzZ,36.142099380493164
n10FaRing,36.0813102722168
VR1_Dzare,34.27779960632324
VR1_Dzpe,34.124900817871094
VE1_Dzp,33.77250003814697
LogEE_A,33.44029998779297
Radius,33.38800048828125
nG12HRing,32.79349899291992
VE3_Dzp,30.558399200439453
n10FHRing,30.06589984893799
Lipinski,29.642000198364258
NsssN,28.737799644470215
SssssSi,28.59869956970215
NsBr,27.615700721740723
NssssC,27.068900108337402
Xch-3dv,26.110000610351562
SpAD_Dzv,22.667800903320312
SpAbs_DzZ,22.585729598999023
SsSH,21.604100227355957
n8AHRing,21.234399795532227
n6FARing,20.399380683898926
nO,17.752649307250977
SpAbs_Dzi,17.43320083618164
SpAbs_Dzm,16.29640007019043
SRW03,16.184799194335938
Sse,16.097200393676758
VR3_Dzare,15.898500442504883
n7FARing,15.74899959564209
n4Ring,15.464900016784668
n8FaHRing,15.027000427246094
VR3_Dzi,14.984700202941895
VR3_D,14.921799659729004
VR1_Dzse,14.746299743652344
VE3_Dzv,14.627799987792969
SpAD_Dzare,14.534500122070312
VR1_Dzv,13.990099906921387
Spe,13.367600440979004
n12FRing,12.86299991607666
VE3_Dzpe,12.209199905395508
NsNH2,12.151599884033203
NdNH,11.594900131225586
VE1_Dzse,11.542499542236328
n8FARing,11.464500427246094
n5aRing,11.173100471496582
VR1_D,10.668000221252441
n7FHRing,10.584400177001953
SdsssP,10.326700210571289
VE1_Dzare,10.197799682617188
SpAbs_Dzare,9.919400215148926
nHeavyAtom,9.18772029876709
VE3_Dzi,9.113670349121094
